<metadata xml:lang="en"><Esri><CreaDate>20230524</CreaDate><CreaTime>08333400</CreaTime><ArcGISFormat>1.0</ArcGISFormat><SyncOnce>FALSE</SyncOnce><DataProperties><itemProps><itemName Sync="TRUE">Coal_Closure_Energy_Communities_SHP_2023v2</itemName><imsContentType Sync="TRUE">002</imsContentType><itemLocation><linkage Sync="TRUE">file://\\10.50.10.198\Gaia\03_DataFinal\EJSJ\IRA_Energy_Communities\Coal_Closure_Energy_Communities_DataZIP\IRA_Coal_Closure_Energy_Comm_v2023.2\Coal_Closure_Energy_Communities_SHP_2023v2\Coal_Closure_Energy_Communities_SHP_2023v2.shp</linkage><protocol Sync="TRUE">Local Area Network</protocol></itemLocation><itemSize Sync="TRUE">0.000</itemSize></itemProps><coordRef><type Sync="TRUE">Geographic</type><geogcsn Sync="TRUE">GCS_North_American_1983</geogcsn><csUnits Sync="TRUE">Angular Unit: Degree (0.017453)</csUnits><peXml Sync="TRUE">&lt;GeographicCoordinateSystem xsi:type='typens:GeographicCoordinateSystem' xmlns:xsi='http://www.w3.org/2001/XMLSchema-instance' xmlns:xs='http://www.w3.org/2001/XMLSchema' xmlns:typens='http://www.esri.com/schemas/ArcGIS/3.1.0'&gt;&lt;WKT&gt;GEOGCS[&amp;quot;GCS_North_American_1983&amp;quot;,DATUM[&amp;quot;D_North_American_1983&amp;quot;,SPHEROID[&amp;quot;GRS_1980&amp;quot;,6378137.0,298.257222101]],PRIMEM[&amp;quot;Greenwich&amp;quot;,0.0],UNIT[&amp;quot;Degree&amp;quot;,0.0174532925199433],AUTHORITY[&amp;quot;EPSG&amp;quot;,4269]]&lt;/WKT&gt;&lt;XOrigin&gt;-400&lt;/XOrigin&gt;&lt;YOrigin&gt;-400&lt;/YOrigin&gt;&lt;XYScale&gt;11258999068426.238&lt;/XYScale&gt;&lt;ZOrigin&gt;-100000&lt;/ZOrigin&gt;&lt;ZScale&gt;10000&lt;/ZScale&gt;&lt;MOrigin&gt;-100000&lt;/MOrigin&gt;&lt;MScale&gt;10000&lt;/MScale&gt;&lt;XYTolerance&gt;8.983152841195215e-09&lt;/XYTolerance&gt;&lt;ZTolerance&gt;0.001&lt;/ZTolerance&gt;&lt;MTolerance&gt;0.001&lt;/MTolerance&gt;&lt;HighPrecision&gt;true&lt;/HighPrecision&gt;&lt;LeftLongitude&gt;-180&lt;/LeftLongitude&gt;&lt;WKID&gt;4269&lt;/WKID&gt;&lt;LatestWKID&gt;4269&lt;/LatestWKID&gt;&lt;/GeographicCoordinateSystem&gt;</peXml></coordRef><lineage><Process ToolSource="c:\program files\arcgis\pro\Resources\ArcToolbox\toolboxes\Conversion Tools.tbx\ExportFeatures" Date="20230524" Time="083400">ExportFeatures Census_Tract_2020 P:\05_AnalysisProjects_Working\DOE_HQ_Requests\IRA_Analyses\IRA_Analyses\IRA_TC_Data_Treasury\IRA_TC_Data_Treasury.gdb\Coal_Closure_EComm_MASTER_forEdits # NOT_USE_ALIAS "GEOID "GEOID" true true false 11 Text 0 0,First,#,Census_Tract_2020,Census_Tract.GEOID,0,11;NAMELSAD "NAMELSAD" true true false 20 Text 0 0,First,#,Census_Tract_2020,Census_Tract.NAMELSAD,0,20;ALAND "ALAND" true true false 8 Double 0 0,First,#,Census_Tract_2020,Census_Tract.ALAND,-1,-1;AWATER "AWATER" true true false 8 Double 0 0,First,#,Census_Tract_2020,Census_Tract.AWATER,-1,-1;INTPTLAT "INTPTLAT" true true false 11 Text 0 0,First,#,Census_Tract_2020,Census_Tract.INTPTLAT,0,11;INTPTLON "INTPTLON" true true false 12 Text 0 0,First,#,Census_Tract_2020,Census_Tract.INTPTLON,0,12;OID "OID" true true false 8 Double 0 0,First,#,Census_Tract_2020,USCTracts_wQual_IRA$.OID,-1,-1;AFFGEOID_Tract_2020 "AFFGEOID_Tract_2020" true true false 255 Text 0 0,First,#,Census_Tract_2020,USCTracts_wQual_IRA$.AFFGEOID_Tract_2020,0,255;fipstate_2020 "fipstate_2020" true true false 255 Text 0 0,First,#,Census_Tract_2020,USCTracts_wQual_IRA$.fipstate_2020,0,255;fipcounty_2020 "fipcounty_2020" true true false 255 Text 0 0,First,#,Census_Tract_2020,USCTracts_wQual_IRA$.fipcounty_2020,0,255;geoid_county_2020 "geoid_county_2020" true true false 255 Text 0 0,First,#,Census_Tract_2020,USCTracts_wQual_IRA$.geoid_county_2020,0,255;fiptract_2020 "fiptract_2020" true true false 255 Text 0 0,First,#,Census_Tract_2020,USCTracts_wQual_IRA$.fiptract_2020,0,255;geoid_tract_2020 "geoid_tract_2020" true true false 255 Text 0 0,First,#,Census_Tract_2020,USCTracts_wQual_IRA$.geoid_tract_2020,0,255;Mine_Qual "Mine_Qual" true true false 255 Text 0 0,First,#,Census_Tract_2020,USCTracts_wQual_IRA$.Mine_Qual,0,255;Generator_Qual "Generator_Qual" true true false 255 Text 0 0,First,#,Census_Tract_2020,USCTracts_wQual_IRA$.Generator_Qual,0,255;Neighbor_Qual "Neighbor_Qual" true true false 255 Text 0 0,First,#,Census_Tract_2020,USCTracts_wQual_IRA$.Neighbor_Qual,0,255;State_Name "State_Name" true true false 255 Text 0 0,First,#,Census_Tract_2020,USCTracts_wQual_IRA$.State_Name,0,255;County_Name "County_Name" true true false 255 Text 0 0,First,#,Census_Tract_2020,USCTracts_wQual_IRA$.County_Name,0,255;CensusTract_Name "CensusTract_Name" true true false 255 Text 0 0,First,#,Census_Tract_2020,USCTracts_wQual_IRA$.CensusTract_Name,0,255;Mine_Closure "Mine_Closure" true true false 255 Text 0 0,First,#,Census_Tract_2020,USCTracts_wQual_IRA$.Mine_Closure,0,255;Generator_Closure "Generator_Closure" true true false 255 Text 0 0,First,#,Census_Tract_2020,USCTracts_wQual_IRA$.Generator_Closure,0,255;Adjacent_to_Closure "Adjacent_to_Closure" true true false 255 Text 0 0,First,#,Census_Tract_2020,USCTracts_wQual_IRA$.Adjacent_to_Closure,0,255;Tract_Status "Tract_Status" true true false 255 Text 0 0,First,#,Census_Tract_2020,USCTracts_wQual_IRA$.Tract_Status,0,255;date_last_update "date_last_update" true true false 8 Date 0 0,First,#,Census_Tract_2020,USCTracts_wQual_IRA$.date_last_update,-1,-1;dataset_version "dataset_version" true true false 8 Double 0 0,First,#,Census_Tract_2020,USCTracts_wQual_IRA$.dataset_version,-1,-1;record_added "record_added" true true false 8 Date 0 0,First,#,Census_Tract_2020,USCTracts_wQual_IRA$.record_added,-1,-1;Symbol "Symbol" true true false 255 Text 0 0,First,#,Census_Tract_2020,USCTracts_wQual_IRA$.Symbol,0,255;ObjectID "ObjectID" false true false 4 Long 0 9,First,#,Census_Tract_2020,USCTracts_wQual_IRA$.ObjectID,-1,-1" #</Process><Process ToolSource="c:\program files\arcgis\pro\Resources\ArcToolbox\toolboxes\Data Management Tools.tbx\UpdateSchema" Date="20230524" Time="103339">UpdateSchema "CIMDATA=&lt;CIMStandardDataConnection xsi:type='typens:CIMStandardDataConnection' xmlns:xsi='http://www.w3.org/2001/XMLSchema-instance' xmlns:xs='http://www.w3.org/2001/XMLSchema' xmlns:typens='http://www.esri.com/schemas/ArcGIS/3.1.0'&gt;&lt;WorkspaceConnectionString&gt;DATABASE=P:\05_AnalysisProjects_Working\DOE_HQ_Requests\IRA_Analyses\IRA_Analyses\IRA_TC_Data_Treasury\IRA_TC_Data_Treasury.gdb&lt;/WorkspaceConnectionString&gt;&lt;WorkspaceFactory&gt;FileGDB&lt;/WorkspaceFactory&gt;&lt;Dataset&gt;Coal_Closure_EComm_MASTER_forEdits&lt;/Dataset&gt;&lt;DatasetType&gt;esriDTFeatureClass&lt;/DatasetType&gt;&lt;/CIMStandardDataConnection&gt;" &lt;operationSequence&gt;&lt;workflow&gt;&lt;DeleteField&gt;&lt;field_name&gt;GEOID&lt;/field_name&gt;&lt;field_name&gt;NAMELSAD&lt;/field_name&gt;&lt;field_name&gt;ALAND&lt;/field_name&gt;&lt;field_name&gt;AWATER&lt;/field_name&gt;&lt;field_name&gt;INTPTLAT&lt;/field_name&gt;&lt;field_name&gt;INTPTLON&lt;/field_name&gt;&lt;field_name&gt;OID_1&lt;/field_name&gt;&lt;field_name&gt;ObjectID&lt;/field_name&gt;&lt;/DeleteField&gt;&lt;/workflow&gt;&lt;/operationSequence&gt;</Process><Process ToolSource="c:\program files\arcgis\pro\Resources\ArcToolbox\toolboxes\Data Management Tools.tbx\CalculateField" Date="20230602" Time="101519">CalculateField Coal_Closure_EComm_MASTER_forEdits dataset_version 2023.1 "Python 3" # Text NO_ENFORCE_DOMAINS</Process><Process ToolSource="c:\program files\arcgis\pro\Resources\ArcToolbox\toolboxes\Data Management Tools.tbx\CalculateField" Date="20230602" Time="101603">CalculateField Coal_Closure_EComm_MASTER_forEdits dataset_version 2023.2 "Python 3" # Text NO_ENFORCE_DOMAINS</Process><Process ToolSource="c:\program files\arcgis\pro\Resources\ArcToolbox\toolboxes\Conversion Tools.tbx\ExportFeatures" Date="20230615" Time="072606">ExportFeatures Coal_Closure_EComm_MASTER_forEdits P:\03_DataFinal\EJSJ\IRA_Energy_Communities\Coal_Closure_Energy_Communities_DataZIP\IRA_Coal_Closure_Energy_Comm_v2023.2\Coal_Closure_Energy_Communities_SHP_2023v2\Coal_Closure_Energy_Communities_SHP_2023v2.shp # NOT_USE_ALIAS "AFFGEOID_Tract_2020 "AFFGEOID_Tract_2020" true true false 255 Text 0 0,First,#,Coal_Closure_EComm_MASTER_forEdits,AFFGEOID_Tract_2020,0,255;fipstate_2020 "fipstate_2020" true true false 255 Text 0 0,First,#,Coal_Closure_EComm_MASTER_forEdits,fipstate_2020,0,255;fipcounty_2020 "fipcounty_2020" true true false 255 Text 0 0,First,#,Coal_Closure_EComm_MASTER_forEdits,fipcounty_2020,0,255;geoid_county_2020 "geoid_county_2020" true true false 255 Text 0 0,First,#,Coal_Closure_EComm_MASTER_forEdits,geoid_county_2020,0,255;fiptract_2020 "fiptract_2020" true true false 255 Text 0 0,First,#,Coal_Closure_EComm_MASTER_forEdits,fiptract_2020,0,255;geoid_tract_2020 "geoid_tract_2020" true true false 255 Text 0 0,First,#,Coal_Closure_EComm_MASTER_forEdits,geoid_tract_2020,0,255;Mine_Qual "Mine_Qual" true true false 255 Text 0 0,First,#,Coal_Closure_EComm_MASTER_forEdits,Mine_Qual,0,255;Generator_Qual "Generator_Qual" true true false 255 Text 0 0,First,#,Coal_Closure_EComm_MASTER_forEdits,Generator_Qual,0,255;Neighbor_Qual "Neighbor_Qual" true true false 255 Text 0 0,First,#,Coal_Closure_EComm_MASTER_forEdits,Neighbor_Qual,0,255;State_Name "State_Name" true true false 255 Text 0 0,First,#,Coal_Closure_EComm_MASTER_forEdits,State_Name,0,255;County_Name "County_Name" true true false 255 Text 0 0,First,#,Coal_Closure_EComm_MASTER_forEdits,County_Name,0,255;CensusTract_Name "CensusTract_Name" true true false 255 Text 0 0,First,#,Coal_Closure_EComm_MASTER_forEdits,CensusTract_Name,0,255;Mine_Closure "Mine_Closure" true true false 255 Text 0 0,First,#,Coal_Closure_EComm_MASTER_forEdits,Mine_Closure,0,255;Generator_Closure "Generator_Closure" true true false 255 Text 0 0,First,#,Coal_Closure_EComm_MASTER_forEdits,Generator_Closure,0,255;Adjacent_to_Closure "Adjacent_to_Closure" true true false 255 Text 0 0,First,#,Coal_Closure_EComm_MASTER_forEdits,Adjacent_to_Closure,0,255;Tract_Status "Tract_Status" true true false 255 Text 0 0,First,#,Coal_Closure_EComm_MASTER_forEdits,Tract_Status,0,255;date_last_update "date_last_update" true true false 8 Date 0 0,First,#,Coal_Closure_EComm_MASTER_forEdits,date_last_update,-1,-1;dataset_version "dataset_version" true true false 8 Double 0 0,First,#,Coal_Closure_EComm_MASTER_forEdits,dataset_version,-1,-1;record_added "record_added" true true false 8 Date 0 0,First,#,Coal_Closure_EComm_MASTER_forEdits,record_added,-1,-1;Symbol "Symbol" true true false 255 Text 0 0,First,#,Coal_Closure_EComm_MASTER_forEdits,Symbol,0,255;Shape_Length "Shape_Length" false true true 8 Double 0 0,First,#,Coal_Closure_EComm_MASTER_forEdits,Shape_Length,-1,-1;Shape_Area "Shape_Area" false true true 8 Double 0 0,First,#,Coal_Closure_EComm_MASTER_forEdits,Shape_Area,-1,-1" #</Process></lineage></DataProperties><SyncDate>20230615</SyncDate><SyncTime>07260200</SyncTime><ModDate>20230615</ModDate><ModTime>07260200</ModTime></Esri><dataIdInfo><envirDesc Sync="TRUE">Microsoft Windows 10 Version 10.0 (Build 19044) ; Esri ArcGIS 13.1.0.41833</envirDesc><dataLang><languageCode value="eng" Sync="TRUE"></languageCode><countryCode value="USA" Sync="TRUE"></countryCode></dataLang><idCitation><resTitle Sync="TRUE">Coal_Closure_Energy_Communities_SHP_2023v2</resTitle><presForm><PresFormCd value="005" Sync="TRUE"></PresFormCd></presForm></idCitation><spatRpType><SpatRepTypCd value="001" Sync="TRUE"></SpatRepTypCd></spatRpType></dataIdInfo><mdLang><languageCode value="eng" Sync="TRUE"></languageCode><countryCode value="USA" Sync="TRUE"></countryCode></mdLang><distInfo><distFormat><formatName Sync="TRUE">Shapefile</formatName></distFormat><distTranOps><transSize Sync="TRUE">0.000</transSize></distTranOps></distInfo><mdHrLv><ScopeCd value="005" Sync="TRUE"></ScopeCd></mdHrLv><mdHrLvName Sync="TRUE">dataset</mdHrLvName><refSysInfo><RefSystem><refSysID><identCode code="4269" Sync="TRUE"></identCode><idCodeSpace Sync="TRUE">EPSG</idCodeSpace><idVersion Sync="TRUE">6.5(3.0.1)</idVersion></refSysID></RefSystem></refSysInfo><spatRepInfo><VectSpatRep><geometObjs Name="Coal_Closure_Energy_Communities_SHP_2023v2"><geoObjTyp><GeoObjTypCd value="002" Sync="TRUE"></GeoObjTypCd></geoObjTyp><geoObjCnt Sync="TRUE">0</geoObjCnt></geometObjs><topLvl><TopoLevCd value="001" Sync="TRUE"></TopoLevCd></topLvl></VectSpatRep></spatRepInfo><spdoinfo><ptvctinf><esriterm Name="Coal_Closure_Energy_Communities_SHP_2023v2"><efeatyp Sync="TRUE">Simple</efeatyp><efeageom code="4" Sync="TRUE"></efeageom><esritopo Sync="TRUE">FALSE</esritopo><efeacnt Sync="TRUE">0</efeacnt><spindex Sync="TRUE">FALSE</spindex><linrefer Sync="TRUE">FALSE</linrefer></esriterm></ptvctinf></spdoinfo><eainfo><detailed Name="Coal_Closure_Energy_Communities_SHP_2023v2"><enttyp><enttypl Sync="TRUE">Coal_Closure_Energy_Communities_SHP_2023v2</enttypl><enttypt Sync="TRUE">Feature Class</enttypt><enttypc Sync="TRUE">0</enttypc></enttyp><attr><attrlabl Sync="TRUE">FID</attrlabl><attalias Sync="TRUE">FID</attalias><attrtype Sync="TRUE">OID</attrtype><attwidth Sync="TRUE">4</attwidth><atprecis Sync="TRUE">0</atprecis><attscale Sync="TRUE">0</attscale><attrdef Sync="TRUE">Internal feature number.</attrdef><attrdefs Sync="TRUE">Esri</attrdefs><attrdomv><udom Sync="TRUE">Sequential unique whole numbers that are automatically generated.</udom></attrdomv></attr><attr><attrlabl Sync="TRUE">Shape</attrlabl><attalias Sync="TRUE">Shape</attalias><attrtype Sync="TRUE">Geometry</attrtype><attwidth Sync="TRUE">0</attwidth><atprecis Sync="TRUE">0</atprecis><attscale Sync="TRUE">0</attscale><attrdef Sync="TRUE">Feature geometry.</attrdef><attrdefs Sync="TRUE">Esri</attrdefs><attrdomv><udom Sync="TRUE">Coordinates defining the features.</udom></attrdomv></attr><attr><attrlabl Sync="TRUE">AFFGEOID_T</attrlabl><attalias Sync="TRUE">AFFGEOID_T</attalias><attrtype Sync="TRUE">String</attrtype><attwidth Sync="TRUE">254</attwidth><atprecis Sync="TRUE">0</atprecis><attscale Sync="TRUE">0</attscale></attr><attr><attrlabl Sync="TRUE">fipstate_2</attrlabl><attalias Sync="TRUE">fipstate_2</attalias><attrtype Sync="TRUE">String</attrtype><attwidth Sync="TRUE">254</attwidth><atprecis Sync="TRUE">0</atprecis><attscale Sync="TRUE">0</attscale></attr><attr><attrlabl Sync="TRUE">fipcounty_</attrlabl><attalias Sync="TRUE">fipcounty_</attalias><attrtype Sync="TRUE">String</attrtype><attwidth Sync="TRUE">254</attwidth><atprecis Sync="TRUE">0</atprecis><attscale Sync="TRUE">0</attscale></attr><attr><attrlabl Sync="TRUE">geoid_coun</attrlabl><attalias Sync="TRUE">geoid_coun</attalias><attrtype Sync="TRUE">String</attrtype><attwidth Sync="TRUE">254</attwidth><atprecis Sync="TRUE">0</atprecis><attscale Sync="TRUE">0</attscale></attr><attr><attrlabl Sync="TRUE">fiptract_2</attrlabl><attalias Sync="TRUE">fiptract_2</attalias><attrtype Sync="TRUE">String</attrtype><attwidth Sync="TRUE">254</attwidth><atprecis Sync="TRUE">0</atprecis><attscale Sync="TRUE">0</attscale></attr><attr><attrlabl Sync="TRUE">geoid_trac</attrlabl><attalias Sync="TRUE">geoid_trac</attalias><attrtype Sync="TRUE">String</attrtype><attwidth Sync="TRUE">254</attwidth><atprecis Sync="TRUE">0</atprecis><attscale Sync="TRUE">0</attscale></attr><attr><attrlabl Sync="TRUE">Mine_Qual</attrlabl><attalias Sync="TRUE">Mine_Qual</attalias><attrtype Sync="TRUE">String</attrtype><attwidth Sync="TRUE">254</attwidth><atprecis Sync="TRUE">0</atprecis><attscale Sync="TRUE">0</attscale></attr><attr><attrlabl Sync="TRUE">Generator_</attrlabl><attalias Sync="TRUE">Generator_</attalias><attrtype Sync="TRUE">String</attrtype><attwidth Sync="TRUE">254</attwidth><atprecis Sync="TRUE">0</atprecis><attscale Sync="TRUE">0</attscale></attr><attr><attrlabl Sync="TRUE">Neighbor_Q</attrlabl><attalias Sync="TRUE">Neighbor_Q</attalias><attrtype Sync="TRUE">String</attrtype><attwidth Sync="TRUE">254</attwidth><atprecis Sync="TRUE">0</atprecis><attscale Sync="TRUE">0</attscale></attr><attr><attrlabl Sync="TRUE">State_Name</attrlabl><attalias Sync="TRUE">State_Name</attalias><attrtype Sync="TRUE">String</attrtype><attwidth Sync="TRUE">254</attwidth><atprecis Sync="TRUE">0</atprecis><attscale Sync="TRUE">0</attscale></attr><attr><attrlabl Sync="TRUE">County_Nam</attrlabl><attalias Sync="TRUE">County_Nam</attalias><attrtype Sync="TRUE">String</attrtype><attwidth Sync="TRUE">254</attwidth><atprecis Sync="TRUE">0</atprecis><attscale Sync="TRUE">0</attscale></attr><attr><attrlabl Sync="TRUE">CensusTrac</attrlabl><attalias Sync="TRUE">CensusTrac</attalias><attrtype Sync="TRUE">String</attrtype><attwidth Sync="TRUE">254</attwidth><atprecis Sync="TRUE">0</atprecis><attscale Sync="TRUE">0</attscale></attr><attr><attrlabl Sync="TRUE">Mine_Closu</attrlabl><attalias Sync="TRUE">Mine_Closu</attalias><attrtype Sync="TRUE">String</attrtype><attwidth Sync="TRUE">254</attwidth><atprecis Sync="TRUE">0</atprecis><attscale Sync="TRUE">0</attscale></attr><attr><attrlabl Sync="TRUE">Generator1</attrlabl><attalias Sync="TRUE">Generator1</attalias><attrtype Sync="TRUE">String</attrtype><attwidth Sync="TRUE">254</attwidth><atprecis Sync="TRUE">0</atprecis><attscale Sync="TRUE">0</attscale></attr><attr><attrlabl Sync="TRUE">Adjacent_t</attrlabl><attalias Sync="TRUE">Adjacent_t</attalias><attrtype Sync="TRUE">String</attrtype><attwidth Sync="TRUE">254</attwidth><atprecis Sync="TRUE">0</atprecis><attscale Sync="TRUE">0</attscale></attr><attr><attrlabl Sync="TRUE">Tract_Stat</attrlabl><attalias Sync="TRUE">Tract_Stat</attalias><attrtype Sync="TRUE">String</attrtype><attwidth Sync="TRUE">254</attwidth><atprecis Sync="TRUE">0</atprecis><attscale Sync="TRUE">0</attscale></attr><attr><attrlabl Sync="TRUE">date_last_</attrlabl><attalias Sync="TRUE">date_last_</attalias><attrtype Sync="TRUE">Date</attrtype><attwidth Sync="TRUE">8</attwidth><atprecis Sync="TRUE">0</atprecis><attscale Sync="TRUE">0</attscale></attr><attr><attrlabl Sync="TRUE">dataset_ve</attrlabl><attalias Sync="TRUE">dataset_ve</attalias><attrtype Sync="TRUE">Double</attrtype><attwidth Sync="TRUE">19</attwidth><atprecis Sync="TRUE">0</atprecis><attscale Sync="TRUE">0</attscale></attr><attr><attrlabl Sync="TRUE">record_add</attrlabl><attalias Sync="TRUE">record_add</attalias><attrtype Sync="TRUE">Date</attrtype><attwidth Sync="TRUE">8</attwidth><atprecis Sync="TRUE">0</atprecis><attscale Sync="TRUE">0</attscale></attr><attr><attrlabl Sync="TRUE">Symbol</attrlabl><attalias Sync="TRUE">Symbol</attalias><attrtype Sync="TRUE">String</attrtype><attwidth Sync="TRUE">254</attwidth><atprecis Sync="TRUE">0</atprecis><attscale Sync="TRUE">0</attscale></attr><attr><attrlabl Sync="TRUE">Shape_Leng</attrlabl><attalias Sync="TRUE">Shape_Leng</attalias><attrtype Sync="TRUE">Double</attrtype><attwidth Sync="TRUE">19</attwidth><atprecis Sync="TRUE">0</atprecis><attscale Sync="TRUE">0</attscale></attr><attr><attrlabl Sync="TRUE">Shape_Area</attrlabl><attalias Sync="TRUE">Shape_Area</attalias><attrtype Sync="TRUE">Double</attrtype><attwidth Sync="TRUE">19</attwidth><atprecis Sync="TRUE">0</atprecis><attscale Sync="TRUE">0</attscale><attrdef Sync="TRUE">Area of feature in internal units squared.</attrdef><attrdefs Sync="TRUE">Esri</attrdefs><attrdomv><udom Sync="TRUE">Positive real numbers that are automatically generated.</udom></attrdomv></attr></detailed></eainfo><mdDateSt Sync="TRUE">20230615</mdDateSt></metadata>
